targets,event (WORDNET SENSE IF EXIST),occorrences,definition,rep_event,asp_event,location,organization,targets
receive,receive.v.12 ## receive.v.10 ## welcome.v.02,51,partake of the Holy Eucharist sacrament ## have or give a reception ## bid welcome to; greet upon arrival,1,0,9,32,receive ## receive ## receive
publish,publish.v.03 ## publish.v.02,39,have (one's written work) issued for publication ## prepare and issue for public distribution or sale,0,0,9,15,publish ## publish
award,award.v.02,34,give as judged due or on the basis of merit,1,0,3,17,award
move,move.v.02 ## move.v.03 ## move.v.07 ## move.v.15 ## move.v.12,25,"cause to move or shift into a new position or place, both in a concrete and in an abstract sense ## move so as to change position, perform a nontranslational motion ## go or proceed from one point to another ## have a turn; make one's move in a game ## dispose of by selling",0,0,19,0,move ## move ## move ## move ## move
write,spell.v.03 ## write.v.04 ## write.v.08 ## write.v.10 ## write.v.07 ## write.v.01 ## write.v.05,25,"write or name the letters that comprise the conventionally accepted form of (a word or part of a word) ## communicate (with) in writing ## record data on a computer ## create code, write a computer program ## mark or trace on a surface ## produce a literary work ## communicate by letter",1,0,0,7,write ## write ## write ## write ## write ## write ## write
bear,yield.v.10 ## hold.v.14 ## bear.v.11 ## give_birth.v.01 ## bear.v.06 ## wear.v.02,22,"bring in ## support or hold in a certain manner ## have rightfully; of rights, titles, and offices ## cause to be born ## take on as one's own the expenses or debts of another person ## have on one's person",1,0,16,0,bear ## bear ## bear ## bear ## bear ## bear
graduate,graduate.v.01 ## graduate.v.02,21,receive an academic degree upon completion of one's studies ## confer an academic degree upon,0,0,6,15,graduate ## graduate
die,die.v.08 ## fail.v.04 ## die.v.01,20,"to be on base at the end of an inning, of a player ## stop operating or functioning ## pass from physical life and lose all bodily attributes and functions necessary to sustain life",0,0,14,1,die ## die ## die
leave,leave.v.03 ## leave.v.11 ## leave.v.08 ## entrust.v.02 ## leave.v.06,19,act or be so as to become in a specified state ## have left or have as a remainder ## remove oneself from an association with or participation in ## put into the care or protection of someone ## make a possibility or provide opportunity for; permit to be attainable or cause to remain,0,1,6,3,leave ## leave ## leave ## leave ## leave
take,take.v.34 ## contract.v.04 ## take.v.29 ## aim.v.01 ## drive.v.16 ## claim.v.05,19,"to get into a position of having, e.g., safety, comfort ## be stricken by an illness, fall victim to an illness ## be seized or affected in a specified way ## point or cause to go (blows, weapons, or objects such as photographic equipment) towards ## proceed along in a vehicle ## take as an undesirable consequence of some event or state of affairs",0,0,9,7,take ## take ## take ## take ## take ## take
found,establish.v.08 ## establish.v.02,18,use as a basis for; found on ## set up or lay the groundwork for,0,0,2,11,found ## found
participate,participate.v.01 ## enter.v.02,16,share in something ## become a participant; be involved in,0,0,3,6,participate ## participate
join,join.v.03 ## join.v.02 ## join.v.01,15,come into the company of ## cause to become joined or linked ## become part of; become a member of a group or organization,0,0,0,14,join ## join ## join
return,return.v.14 ## return.v.05 ## return.v.16,15,"return to a previous position; in mathematics ## bring back to the point of departure ## submit (a report, etc.) to someone in authority",1,0,8,1,return ## return ## return
complete,complete.v.05 ## dispatch.v.02 ## complete.v.02,15,"write all the required information onto a form ## complete or carry out ## bring to a whole, with all the necessary parts or elements",0,0,3,12,complete ## complete ## complete
meet,meet.v.09 ## meet.v.10 ## touch.v.05 ## meet.v.11,15,"meet by design; be present at the arrival of ## contend against an opponent in a sport, game, or battle ## be in direct physical contact with; make contact ## experience as a reaction",0,0,5,2,meet ## meet ## meet ## meet
visit,visit.v.04 ## visit.v.07 ## visit.v.01 ## visit.v.08,13,"come to see in an official or professional capacity ## stay with as a guest ## go to see a place, as for entertainment ## assail",0,0,7,1,visit ## visit ## visit ## visit
"receive, obtain",receive.v.02,13,receive a specified treatment (abstract),0,0,2,9,"receive, obtain"
give,give.v.01 ## give.v.43 ## yield.v.01 ## move_over.v.01 ## pass.v.05,12,"cause to have, in the abstract sense or physical sense ## consent to engage in sexual intercourse with a man ## be the cause or source of ## move in order to make room for someone for something ## place into the hands or custody of",0,0,1,7,give ## give ## give ## give ## give
appoint,appoint.v.01 ## appoint.v.02 ## appoint.v.03,11,"create and charge with a task or function ## assign a duty, responsibility or obligation to ## furnish",0,0,5,8,appoint ## appoint ## appoint
establish,prove.v.02,10,"establish the validity of something, as by an example, explanation or experiment",0,0,2,6,establish
elect,elect.v.02 ## elect.v.01,10,choose ## select by a vote for an office or membership,0,0,1,8,elect ## elect
release,release.v.09 ## turn.v.08 ## release.v.08 ## secrete.v.01,10,release (gas or energy) as a result of a chemical reaction or physical decomposition ## let (something) fall or spill from a container ## part with a possession or right ## generate and separate from cells or bodily fluids,1,0,1,4,release ## release ## release ## release
make,make.v.46 ## make.v.08 ## make.v.48 ## construct.v.01 ## make.v.14 ## name.v.03 ## take.v.27 ## make.v.38,9,favor the development of ## compel or make somebody or something to act in a certain way ## behave in a certain way ## make by combining materials and parts ## be or be capable of being changed or made into ## charge with a function; charge to be ## head into a specified direction ## gather and light the materials for,0,0,0,0,make ## make ## make ## make ## make ## make ## make ## make
go,go.v.10 ## rifle.v.02,9,be or continue to be in a certain condition ## go through in search of something; search through someone's belongings in an unauthorized way,1,0,6,0,go ## go
perform,perform.v.03,9,give a performance (of something),0,1,3,1,perform
spend,spend.v.01 ## spend.v.03,8,pass time in a specific way ## spend completely,1,0,5,1,spend ## spend
win,win.v.01 ## acquire.v.05,8,be the winner in a contest or competition; be victorious ## win something through one's efforts,0,0,2,2,win ## win
appear,appear.v.06,8,"appear as a character on stage or appear in a play, etc.",0,0,2,5,appear
"name, list",list.v.01,8,give or make a list of; name individually; give the names of,0,0,1,5,"name, list"
travel,travel.v.06,8,"travel from place to place, as for the purpose of finding work, preaching, or acting as a judge",0,0,6,1,travel
death,death.n.06 ## death.n.02,7,the personification of death ## the permanent end of all life functions in an organism or part of an organism,0,0,0,0,death ## death
name,name.v.02,6,give the name or identifying characteristics of; refer to by name or some other identifying characteristic property,0,0,0,6,name
send,station.v.01,6,assign to a station,0,0,5,0,send
"produce, develop, get, grow, acquire",grow.v.08,6,come to have or undergo a change of (physical features and attributes),0,0,1,3,"produce, develop, get, grow, acquire"
"conduct, lead",conduct.v.02,5,"lead, as in the performance of a composition",0,0,0,1,"conduct, lead"
"make, pretend",make.v.42,5,"represent fictitiously, as in a play, or pretend to be or act like",0,0,2,1,"make, pretend"
translate,translate.v.08,5,subject to movement in which every part of the body moves parallel to and the same distance as every other point on the body,0,0,0,0,translate
include,include.v.03 ## admit.v.03,5,"add as part of something else; put in as part of a set, group, or category ## allow participation in or the right to be part of; permit to exercise the rights, functions, and responsibilities of",0,0,1,3,include ## include
"invite, receive",receive.v.05,5,express willingness to have in one's home or environs,0,1,1,1,"invite, receive"
play,play.v.12 ## bet.v.02 ## play.v.16 ## play.v.15,5,"pretend to be somebody in the framework of a game or playful activity ## stake on the outcome of an issue ## engage in an activity as if it were a game rather than take it seriously ## put (a card or piece) into play during a game, or act strategically as if in a card game",0,0,0,0,play ## play ## play ## play
edit,edit.v.03,4,cut and assemble the components of,0,0,0,0,edit
feature,sport.v.01 ## have.v.02,4,wear or display in an ostentatious or proud manner ## have as a feature,0,0,1,1,feature ## feature
earn,gain.v.08,4,earn on some commercial or business transaction; earn as salary or wages,0,1,1,4,earn
set,set.v.17 ## set_up.v.04 ## typeset.v.01,4,"insert (a nail or screw below the surface, as into a countersink) ## get ready for a particular purpose or event ## set in type",0,0,2,0,set ## set ## set
kill,kill.v.05 ## stamp_out.v.01 ## kill.v.15,3,be the source of great pain for ## end or extinguish by forceful means ## destroy a vitally essential quality of or in,1,0,1,0,kill ## kill ## kill
launch,launch.v.03 ## launch.v.06,3,launch for the first time; launch on a maiden voyage ## smoothen the surface of,0,0,0,2,launch ## launch
"honor, honour",respect.v.02,3,show respect towards,0,0,1,2,"honor, honour"
graduation,gradation.n.03 ## graduation.n.03 ## graduation.n.01,3,the act of arranging in grades ## a line (as on a vessel or ruler) that marks a measurement ## the successful completion of a program of study,0,0,0,0,graduation ## graduation ## graduation
submit,submit.v.03,3,yield to the control of another,0,0,0,0,submit
succeed,succeed.v.02,3,be the successor (of),0,0,0,0,succeed
sign,bless.v.03 ## sign.v.01,3,make the sign of the cross over someone in order to call on God for protection; consecrate ## mark with one's signature; write one's name (on),0,0,0,1,sign ## sign
settle,settle.v.07 ## settle.v.19,3,become settled or established and stable in one's residence or life style ## get one's revenge for a wrong or an injury,0,0,3,0,settle ## settle
"transmit, send",air.v.03,3,"broadcast over the airwaves, as in radio or television",0,0,2,1,"transmit, send"
marry,marry.v.02,3,perform a marriage ceremony,0,0,0,0,marry
screen,screen.v.03,3,examine in order to test suitability,0,0,2,0,screen
retirement,retirement.n.01 ## retirement.n.03,3,the state of being retired from one's business or occupation ## withdrawal for prayer and study and meditation,0,0,0,0,retirement ## retirement
publication,publication.n.03 ## publication.n.04,3,the communication of something to the public; making information generally known ## the business of issuing printed matter for sale or distribution,0,0,1,0,publication ## publication
involve,involve.v.06,3,occupy or engage the interest of,0,0,0,2,involve
bring,institute.v.02 ## bring.v.03,3,"advance or set forth in court; , ## cause to happen or to occur as a consequence",0,0,0,0,bring ## bring
call,call.v.20 ## call.v.02 ## call.v.21,3,challenge (somebody) to make good on a statement; charge with or censure for an offense ## ascribe a quality to or give a name of a common noun that reflects a quality ## declare in the capacity of an umpire or referee,0,0,1,2,call ## call ## call
decide,decide.v.01 ## decide.v.03,3,"reach, make, or come to a decision about something ## cause to decide",0,0,0,0,decide ## decide
lead,lead.v.03 ## lead.v.08,2,tend to or result in ## be ahead of others; be the first,0,0,0,0,lead ## lead
create,create.v.04 ## produce.v.02,2,"invest with a new title, office, or rank ## create or manufacture a man-made product",0,0,0,0,create ## create
arrive,arrive.v.02,2,succeed in a big way; get to the top,0,0,1,0,arrive
finish,end.v.01,2,"have an end, in a temporal, spatial, or quantitative sense; either spatial or metaphorical",0,0,0,0,finish
debut,debut.v.02,2,appear for the first time in public,0,0,0,0,debut
commit,give.v.18 ## commit.v.03,2,"give entirely to a specific person, activity, or cause ## cause to be admitted; of persons to an institution",0,0,0,0,commit ## commit
free,exempt.v.01,2,grant relief or an exemption from a rule or requirement to,0,0,0,0,free
organize,organize.v.05,2,arrange by systematic planning and united effort,0,0,1,0,organize
get,induce.v.02 ## get.v.14,2,"cause to do; cause to act in a specified manner ## communicate with a place or person; establish communication with, as if by telephone",0,0,1,0,get ## get
criticize,criticize.v.02 ## knock.v.06,2,act as a critic ## find fault with; express criticism of; point out real or perceived flaws,1,0,0,0,criticize ## criticize
refuse,deny.v.04 ## resist.v.05,2,refuse to let have ## resist immunologically the introduction of some foreign tissue or organ,0,0,0,1,refuse ## refuse
select,choose.v.01,2,"pick out, select, or choose from a number of alternatives",0,0,0,0,select
"take, accept",take.v.20,2,make use of or accept for some purpose,0,0,0,0,"take, accept"
announce,announce.v.03,2,give the names of,0,0,0,0,announce
hire,rent.v.04,2,hold under a lease or rental agreement; of goods and services,0,0,0,2,hire
hold,reserve.v.04,2,arrange for and reserve (something for someone else) in advance,0,0,1,1,hold
catch,catch.v.04,2,take hold of so as to seize or restrain or stop the motion of,1,0,0,1,catch
appearance,appearance.n.06 ## appearance.n.03,2,pretending that something is the case in order to make a good impression ## formal attendance (in court or at a hearing) of a party in an action,0,0,0,2,appearance ## appearance
contribution,contribution.n.03,2,act of giving in common with others for a common purpose especially to a charity,0,0,0,0,contribution
sell,sell.v.02 ## sell.v.07,2,be sold at a certain price or in a certain way ## be responsible for the sale of,0,0,0,0,sell ## sell
grant,concede.v.03,2,give over; surrender or relinquish to the physical control of another,0,0,1,0,grant
"adopt, embrace",espouse.v.03,2,"take up the cause, ideology, practice, method, of someone and use it as one's own",0,1,0,0,"adopt, embrace"
put,put.v.02,2,cause to be in a certain state; cause to be in a certain relation,0,0,0,0,put
praise,praise.v.01,2,express approval of,0,0,0,1,praise
work,work.v.01 ## work.v.19,2,"exert oneself by doing mental or physical work for a purpose or out of necessity ## gratify and charm, usually in order to influence",0,0,2,2,work ## work
"diagnose, name",diagnose.v.01,2,determine or distinguish the nature of a problem or an illness through a diagnostic analysis,1,0,0,1,"diagnose, name"
vote,vote.v.01 ## vote.v.04,2,express one's preference for a candidate or for a measure or resolution; cast a vote ## be guided by in voting,0,0,0,0,vote ## vote
produce,grow.v.07 ## produce.v.06,2,"cultivate by growing, often involving improvements by means of agricultural techniques ## bring onto the market or release",0,0,1,0,produce ## produce
print,print.v.02,2,write as if with print; not cursive,0,0,2,0,print
use,use.v.04 ## use.v.06,2,seek or achieve an end by using to one's advantage ## habitually do something (use only in the past tense),0,0,0,0,use ## use
"purchase, buy",buy.v.01,2,obtain by purchase; acquire by means of a financial transaction,0,0,1,1,"purchase, buy"
"expose, discover",unwrap.v.02,2,make known to the public information that was previously known only to a few people or that was meant to be kept a secret,0,0,0,0,"expose, discover"
deliver,extradite.v.01 ## rescue.v.01,2,hand over to the authorities of another country ## free from harm or evil,0,0,0,1,deliver ## deliver
"premier, premiere",premier.v.02,2,perform a work for the first time,0,0,0,1,"premier, premiere"
accuse,charge.v.02,2,"blame for, make a claim of wrongdoing or misbehavior against",0,0,0,0,accuse
run,run.v.33,2,run with the ball; in such sports as football,0,0,1,0,run
escape,scat.v.01 ## get_off.v.05,2,flee; take to one's heels; cut and run ## escape potentially unpleasant consequences; get away with a forbidden action,0,0,0,0,escape ## escape
raise,raise.v.23,2,multiply (a number) by itself a specified number of times: 8 is 2 raised to the power 3,0,0,2,0,raise
research,research.v.01,1,attempt to find out in a systematically and scientific manner,0,0,1,0,research
birthplace,birthplace.n.02,1,where something originated or was nurtured in its early existence,1,0,1,0,birthplace
reconcile,reconcile.v.03,1,come to terms,0,0,0,0,reconcile
pull,pull.v.04,1,apply force so as to cause motion towards the source of the motion,1,0,0,1,pull
record,read.v.08,1,indicate a certain reading; of gauges and instruments,0,0,0,0,record
review,review.v.05,1,"look back upon (a period of time, sequence of events); remember",0,0,0,0,review
associate,consort.v.01,1,keep company with; hang out with,0,0,1,1,associate
retreat,retreat.v.04,1,make a retreat from an earlier commitment or activity,0,0,0,0,retreat
attract,attract.v.03,1,exert a force on (a body) causing it to approach or prevent it from moving away,0,0,0,0,attract
resume,resume.v.02,1,return to a previous location or condition,0,0,0,0,resume
resign,leave_office.v.01,1,give up or retire from a position,0,0,0,0,resign
render,try.v.08,1,melt (fat or lard) in order to separate out impurities,0,0,0,1,render
recuse,recuse.v.02,1,"challenge or except to a judge as being incompetent or interested, in canon and civil law",1,0,0,0,recuse
recruit,recruit.v.03,1,cause to assemble or enlist in the military,0,0,0,0,recruit
remove,remove.v.05,1,"shift the position or location of, as for business, legal, educational, or military purposes",0,0,0,1,remove
reach,reach.v.03,1,move forward or upward in order to touch; also in a metaphorical sense,0,0,0,0,reach
relocate,relocate.v.02,1,move or establish in a new location,0,0,1,0,relocate
re-elected,re-elected,1,re-elected,0,0,0,1,re-elected
rat,rat.v.04,1,give (hair) the appearance of being fuller by using a rat,0,0,0,0,rat
qualify,stipulate.v.01,1,specify as a condition or requirement in a contract or agreement; make an express demand or provision in an agreement,0,0,0,1,qualify
bestow,lend.v.01,1,bestow a quality on,0,0,0,0,bestow
rejoin,retort.v.01,1,answer back,0,0,0,0,rejoin
brief,brief.v.01,1,give essential information to someone,0,0,0,0,brief
departure,deviation.n.01,1,a variation that deviates from the standard or norm,0,0,0,0,departure
revitalize,revitalize.v.02,1,give new life or vigor to,0,0,1,0,revitalize
sue,action.v.01,1,institute legal proceedings against; file a suit against,0,0,0,0,sue
survive,survive.v.02,1,"continue in existence after (an adversity, etc.)",0,0,0,0,survive
adapt,adjust.v.03,1,adapt or conform oneself to new or different conditions,0,0,0,0,adapt
telephone,call.v.03,1,get or try to get into communication (with someone) by telephone,0,0,0,0,telephone
tenure,tenure.v.01,1,give life-time employment to,0,0,0,1,tenure
threaten,threaten.v.03,1,to be a menacing indication of something:,0,0,0,0,threaten
tie,tie.v.09,1,unite musical notes by a tie,0,0,0,1,tie
transfer,transplant.v.01,1,lift and reset in another soil or situation,0,0,0,1,transfer
action,carry_through.v.01,1,put in effect,0,0,0,0,action
acknowledgement,recognition.n.01,1,the state or quality of being recognized or acknowledged,0,0,0,1,acknowledgement
try,try_on.v.01,1,put on a garment in order to see whether it fits and looks nice,0,0,0,0,try
turn,turn.v.19,1,cause to move along an axis or into a new direction,0,0,0,0,turn
undergo,undergo.v.01,1,pass through,0,0,0,0,undergo
accusation,accusation.n.02,1,an assertion that someone is guilty of a fault or offence,0,0,0,0,accusation
voice,voice.v.01,1,give voice to,0,0,0,0,voice
absence,absence.n.04,1,"the occurrence of an abrupt, transient loss or impairment of consciousness (which is not subsequently remembered), sometimes with light twitching, fluttering eyelids, etc.; common in petit mal epilepsy",0,0,0,0,absence
support,hold.v.10,1,be the physical support of; carry the weight of,0,0,0,0,support
succumb,yield.v.13,1,consent reluctantly,0,0,0,0,succumb
seek,search.v.01,1,"try to locate or discover, or try to establish the existence of",0,0,1,0,seek
allow,let.v.01,1,make it possible through a specific action or lack of action for something to happen,0,0,0,0,allow
arrival,arrival.n.02,1,the act of arriving at a certain place,0,0,1,0,arrival
serialize,serialize.v.01,1,arrange serially,0,0,0,0,serialize
service,service.v.01,1,be used by; as of a utility,0,0,0,0,service
arrest,halt.v.01,1,cause to stop,0,0,0,0,arrest
approach,set_about.v.01,1,begin to deal with,0,0,0,0,approach
share,partake.v.02,1,"have, give, or receive a share of",0,0,0,0,share
shoot,shoot.v.18,1,measure the altitude of by using a sextant,0,0,0,0,shoot
build,build.v.05,1,"order, supervise, or finance the construction of",0,0,1,0,build
showcased,showcased,1,showcased,0,0,0,0,showcased
spar,spar.v.02,1,fight with spurs,0,0,0,0,spar
specialize,speciate.v.01,1,evolve so as to lead to a new species or develop in a way most suited to the environment,0,0,0,1,specialize
start,start.v.11,1,play in the starting lineup,0,0,0,0,start
steal,steal.v.03,1,steal a base,1,0,0,0,steal
stick,stick.v.11,1,fasten into place by fixing an end or point into something,0,0,0,0,stick
subject,subjugate.v.02,1,make subservient; force to submit or subdue,0,0,0,0,subject
show,usher.v.01,1,"take (someone) to their seats, as in theaters or auditoriums",0,0,0,0,show
phd,ph.d..n.01,1,a doctorate usually based on at least 3 years graduate study and a dissertation; the highest degree awarded graduate study,0,0,0,0,phd
protest,protest.v.01,1,utter words of protest,0,0,0,1,protest
hail,hail.v.03,1,call for,0,0,1,0,hail
force,pull.v.01,1,cause to move by pulling,0,0,0,0,force
forgiveness,forgiveness.n.01,1,compassionate feelings that support a willingness to forgive,1,0,0,0,forgiveness
form,shape.v.03,1,give shape or form to,0,0,0,1,form
founder,founder.v.02,1,sink below the surface,0,0,0,1,founder
fund,fund.v.03,1,provide a fund for the redemption of principal or payment of interest,0,0,0,1,fund
curated,curated,1,curated,0,0,1,1,curated
convince,convert.v.09,1,"make (someone) agree, understand, or realize the truth or validity of something",0,0,0,0,convince
health,health.n.01,1,a healthy state of wellbeing free from disease,0,0,0,0,health
find,find.v.13,1,perceive oneself to be in a certain condition or place,0,0,0,0,find
hear,listen.v.02,1,listen and pay attention,0,0,0,1,hear
honor,honor.v.01,1,bestow honor or rewards upon,0,0,0,0,honor
convert,convert.v.11,1,"change in nature, purpose, or function; undergo a chemical change",0,0,0,0,convert
identify,identify.v.01,1,recognize as being; establish the identity of someone or something,0,0,0,0,identify
implement,follow_through.v.02,1,pursue to a conclusion or bring to a successful issue,0,0,0,0,implement
induct,induct.v.03,1,admit as a member,0,0,0,1,induct
influence,influence.v.01,1,have and exert influence or effect,0,0,0,0,influence
fire,fire.v.03,1,bake in a kiln so as to harden,0,0,0,0,fire
film,film.v.01,1,make a film or photograph of something,0,0,0,1,film
promote,promote.v.05,1,"change a pawn for a better piece by advancing it to the eighth row, or change a checker piece for a more valuable piece by moving it to the row closest to your opponent",0,0,0,0,promote
demand,demand.v.06,1,ask to be informed of,0,0,0,0,demand
develop,develop.v.19,1,elaborate by the unfolding of a musical idea and by the working out of the rhythmic and harmonic changes in the theme,0,0,0,0,develop
denounce,denounce.v.03,1,"announce the termination of, as of treaties",0,0,0,0,denounce
disappear,melt.v.06,1,become less intense and fade away gradually,0,0,0,0,disappear
discuss,discourse.v.01,1,to consider or examine in speech or writing,0,0,0,0,discuss
dissertation,dissertation.n.01,1,a treatise advancing a new point of view resulting from research; usually a requirement for an advanced academic degree,0,0,0,0,dissertation
donate,donate.v.01,1,give to a charity or good cause,1,0,1,1,donate
drop,sink.v.01,1,fall or descend to a lower place or level,0,0,0,0,drop
degree,degree.n.04,1,a measure for arcs and angles,0,0,0,0,degree
fall,fall.v.07,1,"die, as in battle or in a hunt",0,0,0,0,fall
emigrate,emigrate.v.01,1,leave one's country of residence for a new one,0,0,1,0,emigrate
encourage,promote.v.01,1,contribute to the progress or growth of,0,0,0,0,encourage
defeat,get_the_better_of.v.01,1,win a victory over,0,0,0,1,defeat
eventually,finally.r.01,1,after an unspecified period of time or an especially long delay,0,0,0,0,eventually
examination,interrogation.n.03,1,formal systematic questioning,0,1,0,1,examination
expel,oust.v.01,1,remove from a position or office,0,0,0,1,expel
experience,feel.v.01,1,undergo an emotional sensation or be in a particular state of mind,0,0,0,0,experience
ink,ink.v.01,1,append one's signature to,0,0,0,0,ink
inspire,prompt.v.02,1,serve as the inciting cause of,0,0,0,0,inspire
instal,install.v.03,1,place,0,0,0,0,instal
pensioner,pensioner.n.01,1,the beneficiary of a pension fund,0,0,1,1,pensioner
note,note.v.03,1,observe with care or pay close attention to,0,0,0,1,note
obtain,obtain.v.01,1,come into possession of,0,0,0,1,obtain
ordain,ordain.v.02,1,appoint to a clerical posts,0,0,0,0,ordain
overcome,get_the_best.v.01,1,"overcome, usually through no fault or weakness of the person that is overcome",0,0,0,0,overcome
part,separate.v.12,1,come apart,0,0,0,0,part
cash,cash.v.01,1,exchange for cash,0,0,0,0,cash
pay,pay.v.10,1,make a compensation for,0,0,0,0,pay
performance,performance.n.03,1,the act of performing; of doing something successfully; using knowledge as distinguished from merely possessing it,0,0,0,0,performance
interview,interview.v.03,1,go for an interview in the hope of being hired,0,0,0,0,interview
depict,portray.v.02,1,make a portrait of,1,0,0,0,depict
place,place.v.06,1,take a place in a competition; often followed by an ordinal,0,0,1,0,place
bury,bury.v.03,1,place in the earth and cover with soil,0,0,0,1,bury
post,post.v.08,1,ride Western style and bob up and down in the saddle in rhythm with a horse's trotting gait,0,0,0,0,post
present,present.v.02,1,bring forward and present to the mind,0,0,0,0,present
prevent,prevent.v.02,1,stop (someone or something) from doing something or being in a certain state,0,0,0,0,prevent
bundle,bundle.v.04,1,sleep fully clothed in the same bed with one's betrothed,0,0,0,0,bundle
nominate,nominate.v.02,1,put forward; nominate for appointment to an office or for an honor or position,0,0,0,0,nominate
choose,choose.v.03,1,see fit or proper to act in a certain way; decide to act in a certain way,0,0,0,0,choose
christen,baptize.v.01,1,administer baptism to,0,0,0,0,christen
migrate,migrate.v.01,1,move from one country or region to another and settle there,0,0,1,0,migrate
introduce,introduce.v.07,1,"bring before the public for the first time, as of an actor, song, etc.",0,0,0,0,introduce
invitation,invitation.n.01,1,a request (spoken or written) to participate or be present or take part in something,0,0,0,1,invitation
invite,tempt.v.03,1,give rise to a desire by being attractive or inviting,0,0,0,1,invite
contact,reach.v.04,1,be in or establish communication with,0,0,0,0,contact
able,able.s.02,1,have the skills and qualifications to do things well,0,0,0,0,able
complaint,complaint.n.04,1,(civil law) the first pleading of the plaintiff setting out the facts on which the claim for relief is based,0,0,0,0,complaint
compile,compose.v.04,1,put together out of existing material,0,0,0,0,compile
know,know.v.03,1,be aware of the truth of something; have a belief or faith in something; regard as true beyond any doubt,0,0,0,0,know
come,occur.v.02,1,come to one's mind; suggest itself,0,0,0,0,come
lie,lie.v.06,1,have a place in relation to something else,1,0,0,1,lie
link,yoke.v.02,1,link with or as with a yoke,0,0,0,0,link
collection,solicitation.n.02,1,request for a sum of money,0,0,0,0,collection
collect,collect.v.02,1,call for and obtain payment of,0,0,0,0,collect
co-founded,co-founded,1,co-founded,0,0,0,0,co-founded
clear,clear.v.19,1,"settle, as of a debt",0,0,0,0,clear
abandon,abandon.v.05,1,leave someone who needs or counts on you; leave in the lurch,0,0,0,0,abandon
